{"cameraMode":{"drawMode":0,"name":"Shaded","section":"Shading Mode"},"sceneLighting":false,"audioPlay":false,"sceneViewState":{"showFog":true,"showMaterialUpdate":true,"showSkybox":false,"showFlares":true,"showImageEffects":true,"showParticleSystems":true},"in2DMode":false,"pivot":{"x":0.020758531987667085,"y":0.024751830846071245,"z":-0.1116529032588005},"rotation":{"x":0.4678555428981781,"y":-0.11473435163497925,"z":0.061403676867485049,"w":0.8741945624351502},"size":0.04501760005950928,"orthographic":false}