{"cameraMode":{"drawMode":0,"name":"Shaded","section":"Shading Mode"},"sceneLighting":false,"audioPlay":false,"sceneViewState":{"showFog":true,"showMaterialUpdate":true,"showSkybox":false,"showFlares":true,"showImageEffects":true,"showParticleSystems":true},"in2DMode":false,"pivot":{"x":-23.085203170776368,"y":-21.77726936340332,"z":0.004484653472900391},"rotation":{"x":0.25669366121292117,"y":-0.6680664420127869,"z":0.2656072974205017,"w":0.6460521221160889},"size":17.143470764160158,"orthographic":false}